--
-- PostgreSQL database dump
--

\restrict Yr5IZpBy6G94rbpjRZ2WKDdLlypCJEiUdr73dfLnKg9AyzQ2LGMOcXGL72VzUzN

-- Dumped from database version 16.10 (Ubuntu 16.10-0ubuntu0.24.04.1)
-- Dumped by pg_dump version 16.10 (Ubuntu 16.10-0ubuntu0.24.04.1)

SET statement_timeout = 0;
SET lock_timeout = 0;
SET idle_in_transaction_session_timeout = 0;
SET client_encoding = 'UTF8';
SET standard_conforming_strings = on;
SELECT pg_catalog.set_config('search_path', '', false);
SET check_function_bodies = false;
SET xmloption = content;
SET client_min_messages = warning;
SET row_security = off;

--
-- Name: public; Type: SCHEMA; Schema: -; Owner: medops_user
--

-- *not* creating schema, since initdb creates it


ALTER SCHEMA public OWNER TO medops_user;

SET default_tablespace = '';

SET default_table_access_method = heap;

--
-- Name: auth_group; Type: TABLE; Schema: public; Owner: medops_user
--

CREATE TABLE public.auth_group (
    id integer NOT NULL,
    name character varying(150) NOT NULL
);


ALTER TABLE public.auth_group OWNER TO medops_user;

--
-- Name: auth_group_id_seq; Type: SEQUENCE; Schema: public; Owner: medops_user
--

ALTER TABLE public.auth_group ALTER COLUMN id ADD GENERATED BY DEFAULT AS IDENTITY (
    SEQUENCE NAME public.auth_group_id_seq
    START WITH 1
    INCREMENT BY 1
    NO MINVALUE
    NO MAXVALUE
    CACHE 1
);


--
-- Name: auth_group_permissions; Type: TABLE; Schema: public; Owner: medops_user
--

CREATE TABLE public.auth_group_permissions (
    id bigint NOT NULL,
    group_id integer NOT NULL,
    permission_id integer NOT NULL
);


ALTER TABLE public.auth_group_permissions OWNER TO medops_user;

--
-- Name: auth_group_permissions_id_seq; Type: SEQUENCE; Schema: public; Owner: medops_user
--

ALTER TABLE public.auth_group_permissions ALTER COLUMN id ADD GENERATED BY DEFAULT AS IDENTITY (
    SEQUENCE NAME public.auth_group_permissions_id_seq
    START WITH 1
    INCREMENT BY 1
    NO MINVALUE
    NO MAXVALUE
    CACHE 1
);


--
-- Name: auth_permission; Type: TABLE; Schema: public; Owner: medops_user
--

CREATE TABLE public.auth_permission (
    id integer NOT NULL,
    name character varying(255) NOT NULL,
    content_type_id integer NOT NULL,
    codename character varying(100) NOT NULL
);


ALTER TABLE public.auth_permission OWNER TO medops_user;

--
-- Name: auth_permission_id_seq; Type: SEQUENCE; Schema: public; Owner: medops_user
--

ALTER TABLE public.auth_permission ALTER COLUMN id ADD GENERATED BY DEFAULT AS IDENTITY (
    SEQUENCE NAME public.auth_permission_id_seq
    START WITH 1
    INCREMENT BY 1
    NO MINVALUE
    NO MAXVALUE
    CACHE 1
);


--
-- Name: auth_user; Type: TABLE; Schema: public; Owner: medops_user
--

CREATE TABLE public.auth_user (
    id integer NOT NULL,
    password character varying(128) NOT NULL,
    last_login timestamp with time zone,
    is_superuser boolean NOT NULL,
    username character varying(150) NOT NULL,
    first_name character varying(150) NOT NULL,
    last_name character varying(150) NOT NULL,
    email character varying(254) NOT NULL,
    is_staff boolean NOT NULL,
    is_active boolean NOT NULL,
    date_joined timestamp with time zone NOT NULL
);


ALTER TABLE public.auth_user OWNER TO medops_user;

--
-- Name: auth_user_groups; Type: TABLE; Schema: public; Owner: medops_user
--

CREATE TABLE public.auth_user_groups (
    id bigint NOT NULL,
    user_id integer NOT NULL,
    group_id integer NOT NULL
);


ALTER TABLE public.auth_user_groups OWNER TO medops_user;

--
-- Name: auth_user_groups_id_seq; Type: SEQUENCE; Schema: public; Owner: medops_user
--

ALTER TABLE public.auth_user_groups ALTER COLUMN id ADD GENERATED BY DEFAULT AS IDENTITY (
    SEQUENCE NAME public.auth_user_groups_id_seq
    START WITH 1
    INCREMENT BY 1
    NO MINVALUE
    NO MAXVALUE
    CACHE 1
);


--
-- Name: auth_user_id_seq; Type: SEQUENCE; Schema: public; Owner: medops_user
--

ALTER TABLE public.auth_user ALTER COLUMN id ADD GENERATED BY DEFAULT AS IDENTITY (
    SEQUENCE NAME public.auth_user_id_seq
    START WITH 1
    INCREMENT BY 1
    NO MINVALUE
    NO MAXVALUE
    CACHE 1
);


--
-- Name: auth_user_user_permissions; Type: TABLE; Schema: public; Owner: medops_user
--

CREATE TABLE public.auth_user_user_permissions (
    id bigint NOT NULL,
    user_id integer NOT NULL,
    permission_id integer NOT NULL
);


ALTER TABLE public.auth_user_user_permissions OWNER TO medops_user;

--
-- Name: auth_user_user_permissions_id_seq; Type: SEQUENCE; Schema: public; Owner: medops_user
--

ALTER TABLE public.auth_user_user_permissions ALTER COLUMN id ADD GENERATED BY DEFAULT AS IDENTITY (
    SEQUENCE NAME public.auth_user_user_permissions_id_seq
    START WITH 1
    INCREMENT BY 1
    NO MINVALUE
    NO MAXVALUE
    CACHE 1
);


--
-- Name: core_appointment; Type: TABLE; Schema: public; Owner: medops_user
--

CREATE TABLE public.core_appointment (
    id bigint NOT NULL,
    appointment_date date NOT NULL,
    arrival_time time without time zone,
    status character varying(20) NOT NULL,
    patient_id bigint NOT NULL
);


ALTER TABLE public.core_appointment OWNER TO medops_user;

--
-- Name: core_appointment_id_seq; Type: SEQUENCE; Schema: public; Owner: medops_user
--

ALTER TABLE public.core_appointment ALTER COLUMN id ADD GENERATED BY DEFAULT AS IDENTITY (
    SEQUENCE NAME public.core_appointment_id_seq
    START WITH 1
    INCREMENT BY 1
    NO MINVALUE
    NO MAXVALUE
    CACHE 1
);


--
-- Name: core_diagnosis; Type: TABLE; Schema: public; Owner: medops_user
--

CREATE TABLE public.core_diagnosis (
    id bigint NOT NULL,
    code character varying(50) NOT NULL,
    description text,
    appointment_id bigint NOT NULL
);


ALTER TABLE public.core_diagnosis OWNER TO medops_user;

--
-- Name: core_diagnosis_id_seq; Type: SEQUENCE; Schema: public; Owner: medops_user
--

ALTER TABLE public.core_diagnosis ALTER COLUMN id ADD GENERATED BY DEFAULT AS IDENTITY (
    SEQUENCE NAME public.core_diagnosis_id_seq
    START WITH 1
    INCREMENT BY 1
    NO MINVALUE
    NO MAXVALUE
    CACHE 1
);


--
-- Name: core_event; Type: TABLE; Schema: public; Owner: medops_user
--

CREATE TABLE public.core_event (
    id bigint NOT NULL,
    "timestamp" timestamp with time zone NOT NULL,
    actor character varying(100),
    entity character varying(50) NOT NULL,
    entity_id integer NOT NULL,
    action character varying(100) NOT NULL,
    metadata jsonb
);


ALTER TABLE public.core_event OWNER TO medops_user;

--
-- Name: core_event_id_seq; Type: SEQUENCE; Schema: public; Owner: medops_user
--

ALTER TABLE public.core_event ALTER COLUMN id ADD GENERATED BY DEFAULT AS IDENTITY (
    SEQUENCE NAME public.core_event_id_seq
    START WITH 1
    INCREMENT BY 1
    NO MINVALUE
    NO MAXVALUE
    CACHE 1
);


--
-- Name: core_historicalappointment; Type: TABLE; Schema: public; Owner: medops_user
--

CREATE TABLE public.core_historicalappointment (
    id bigint NOT NULL,
    appointment_date date NOT NULL,
    status character varying(20) NOT NULL,
    arrival_time time without time zone,
    history_id integer NOT NULL,
    history_date timestamp with time zone NOT NULL,
    history_change_reason character varying(100),
    history_type character varying(1) NOT NULL,
    history_user_id integer,
    patient_id bigint
);


ALTER TABLE public.core_historicalappointment OWNER TO medops_user;

--
-- Name: core_historicalappointment_history_id_seq; Type: SEQUENCE; Schema: public; Owner: medops_user
--

ALTER TABLE public.core_historicalappointment ALTER COLUMN history_id ADD GENERATED BY DEFAULT AS IDENTITY (
    SEQUENCE NAME public.core_historicalappointment_history_id_seq
    START WITH 1
    INCREMENT BY 1
    NO MINVALUE
    NO MAXVALUE
    CACHE 1
);


--
-- Name: core_historicalpatient; Type: TABLE; Schema: public; Owner: medops_user
--

CREATE TABLE public.core_historicalpatient (
    id bigint NOT NULL,
    national_id character varying(10),
    first_name character varying(100) NOT NULL,
    middle_name character varying(100),
    last_name character varying(100) NOT NULL,
    second_last_name character varying(100),
    birthdate date,
    gender character varying(10) NOT NULL,
    contact_info text,
    history_id integer NOT NULL,
    history_date timestamp with time zone NOT NULL,
    history_change_reason character varying(100),
    history_type character varying(1) NOT NULL,
    history_user_id integer
);


ALTER TABLE public.core_historicalpatient OWNER TO medops_user;

--
-- Name: core_historicalpatient_history_id_seq; Type: SEQUENCE; Schema: public; Owner: medops_user
--

ALTER TABLE public.core_historicalpatient ALTER COLUMN history_id ADD GENERATED BY DEFAULT AS IDENTITY (
    SEQUENCE NAME public.core_historicalpatient_history_id_seq
    START WITH 1
    INCREMENT BY 1
    NO MINVALUE
    NO MAXVALUE
    CACHE 1
);


--
-- Name: core_historicalpayment; Type: TABLE; Schema: public; Owner: medops_user
--

CREATE TABLE public.core_historicalpayment (
    id bigint NOT NULL,
    amount numeric(10,2) NOT NULL,
    method character varying(20) NOT NULL,
    status character varying(20) NOT NULL,
    reference_number character varying(100),
    bank_name character varying(100),
    received_by character varying(100),
    received_at timestamp with time zone,
    history_id integer NOT NULL,
    history_date timestamp with time zone NOT NULL,
    history_change_reason character varying(100),
    history_type character varying(1) NOT NULL,
    appointment_id bigint,
    history_user_id integer
);


ALTER TABLE public.core_historicalpayment OWNER TO medops_user;

--
-- Name: core_historicalpayment_history_id_seq; Type: SEQUENCE; Schema: public; Owner: medops_user
--

ALTER TABLE public.core_historicalpayment ALTER COLUMN history_id ADD GENERATED BY DEFAULT AS IDENTITY (
    SEQUENCE NAME public.core_historicalpayment_history_id_seq
    START WITH 1
    INCREMENT BY 1
    NO MINVALUE
    NO MAXVALUE
    CACHE 1
);


--
-- Name: core_medicaldocument; Type: TABLE; Schema: public; Owner: medops_user
--

CREATE TABLE public.core_medicaldocument (
    id bigint NOT NULL,
    file character varying(100) NOT NULL,
    description character varying(255),
    category character varying(100),
    uploaded_at timestamp with time zone NOT NULL,
    uploaded_by character varying(100),
    appointment_id bigint,
    diagnosis_id bigint,
    patient_id bigint NOT NULL
);


ALTER TABLE public.core_medicaldocument OWNER TO medops_user;

--
-- Name: core_medicaldocument_id_seq; Type: SEQUENCE; Schema: public; Owner: medops_user
--

ALTER TABLE public.core_medicaldocument ALTER COLUMN id ADD GENERATED BY DEFAULT AS IDENTITY (
    SEQUENCE NAME public.core_medicaldocument_id_seq
    START WITH 1
    INCREMENT BY 1
    NO MINVALUE
    NO MAXVALUE
    CACHE 1
);


--
-- Name: core_patient; Type: TABLE; Schema: public; Owner: medops_user
--

CREATE TABLE public.core_patient (
    id bigint NOT NULL,
    first_name character varying(100) NOT NULL,
    middle_name character varying(100),
    last_name character varying(100) NOT NULL,
    second_last_name character varying(100),
    birthdate date,
    gender character varying(10) NOT NULL,
    contact_info text,
    national_id character varying(10)
);


ALTER TABLE public.core_patient OWNER TO medops_user;

--
-- Name: core_patient_id_seq; Type: SEQUENCE; Schema: public; Owner: medops_user
--

ALTER TABLE public.core_patient ALTER COLUMN id ADD GENERATED BY DEFAULT AS IDENTITY (
    SEQUENCE NAME public.core_patient_id_seq
    START WITH 1
    INCREMENT BY 1
    NO MINVALUE
    NO MAXVALUE
    CACHE 1
);


--
-- Name: core_payment; Type: TABLE; Schema: public; Owner: medops_user
--

CREATE TABLE public.core_payment (
    id bigint NOT NULL,
    amount numeric(10,2) NOT NULL,
    method character varying(20) NOT NULL,
    status character varying(20) NOT NULL,
    appointment_id bigint NOT NULL,
    bank_name character varying(100),
    received_at timestamp with time zone,
    received_by character varying(100),
    reference_number character varying(100)
);


ALTER TABLE public.core_payment OWNER TO medops_user;

--
-- Name: core_payment_id_seq; Type: SEQUENCE; Schema: public; Owner: medops_user
--

ALTER TABLE public.core_payment ALTER COLUMN id ADD GENERATED BY DEFAULT AS IDENTITY (
    SEQUENCE NAME public.core_payment_id_seq
    START WITH 1
    INCREMENT BY 1
    NO MINVALUE
    NO MAXVALUE
    CACHE 1
);


--
-- Name: core_prescription; Type: TABLE; Schema: public; Owner: medops_user
--

CREATE TABLE public.core_prescription (
    id bigint NOT NULL,
    medication character varying(200) NOT NULL,
    dosage character varying(200),
    duration character varying(200),
    diagnosis_id bigint NOT NULL
);


ALTER TABLE public.core_prescription OWNER TO medops_user;

--
-- Name: core_prescription_id_seq; Type: SEQUENCE; Schema: public; Owner: medops_user
--

ALTER TABLE public.core_prescription ALTER COLUMN id ADD GENERATED BY DEFAULT AS IDENTITY (
    SEQUENCE NAME public.core_prescription_id_seq
    START WITH 1
    INCREMENT BY 1
    NO MINVALUE
    NO MAXVALUE
    CACHE 1
);


--
-- Name: core_treatment; Type: TABLE; Schema: public; Owner: medops_user
--

CREATE TABLE public.core_treatment (
    id bigint NOT NULL,
    plan text NOT NULL,
    start_date date,
    end_date date,
    diagnosis_id bigint NOT NULL
);


ALTER TABLE public.core_treatment OWNER TO medops_user;

--
-- Name: core_treatment_id_seq; Type: SEQUENCE; Schema: public; Owner: medops_user
--

ALTER TABLE public.core_treatment ALTER COLUMN id ADD GENERATED BY DEFAULT AS IDENTITY (
    SEQUENCE NAME public.core_treatment_id_seq
    START WITH 1
    INCREMENT BY 1
    NO MINVALUE
    NO MAXVALUE
    CACHE 1
);


--
-- Name: django_admin_log; Type: TABLE; Schema: public; Owner: medops_user
--

CREATE TABLE public.django_admin_log (
    id integer NOT NULL,
    action_time timestamp with time zone NOT NULL,
    object_id text,
    object_repr character varying(200) NOT NULL,
    action_flag smallint NOT NULL,
    change_message text NOT NULL,
    content_type_id integer,
    user_id integer NOT NULL,
    CONSTRAINT django_admin_log_action_flag_check CHECK ((action_flag >= 0))
);


ALTER TABLE public.django_admin_log OWNER TO medops_user;

--
-- Name: django_admin_log_id_seq; Type: SEQUENCE; Schema: public; Owner: medops_user
--

ALTER TABLE public.django_admin_log ALTER COLUMN id ADD GENERATED BY DEFAULT AS IDENTITY (
    SEQUENCE NAME public.django_admin_log_id_seq
    START WITH 1
    INCREMENT BY 1
    NO MINVALUE
    NO MAXVALUE
    CACHE 1
);


--
-- Name: django_content_type; Type: TABLE; Schema: public; Owner: medops_user
--

CREATE TABLE public.django_content_type (
    id integer NOT NULL,
    app_label character varying(100) NOT NULL,
    model character varying(100) NOT NULL
);


ALTER TABLE public.django_content_type OWNER TO medops_user;

--
-- Name: django_content_type_id_seq; Type: SEQUENCE; Schema: public; Owner: medops_user
--

ALTER TABLE public.django_content_type ALTER COLUMN id ADD GENERATED BY DEFAULT AS IDENTITY (
    SEQUENCE NAME public.django_content_type_id_seq
    START WITH 1
    INCREMENT BY 1
    NO MINVALUE
    NO MAXVALUE
    CACHE 1
);


--
-- Name: django_migrations; Type: TABLE; Schema: public; Owner: medops_user
--

CREATE TABLE public.django_migrations (
    id bigint NOT NULL,
    app character varying(255) NOT NULL,
    name character varying(255) NOT NULL,
    applied timestamp with time zone NOT NULL
);


ALTER TABLE public.django_migrations OWNER TO medops_user;

--
-- Name: django_migrations_id_seq; Type: SEQUENCE; Schema: public; Owner: medops_user
--

ALTER TABLE public.django_migrations ALTER COLUMN id ADD GENERATED BY DEFAULT AS IDENTITY (
    SEQUENCE NAME public.django_migrations_id_seq
    START WITH 1
    INCREMENT BY 1
    NO MINVALUE
    NO MAXVALUE
    CACHE 1
);


--
-- Name: django_session; Type: TABLE; Schema: public; Owner: medops_user
--

CREATE TABLE public.django_session (
    session_key character varying(40) NOT NULL,
    session_data text NOT NULL,
    expire_date timestamp with time zone NOT NULL
);


ALTER TABLE public.django_session OWNER TO medops_user;

--
-- Data for Name: auth_group; Type: TABLE DATA; Schema: public; Owner: medops_user
--

COPY public.auth_group (id, name) FROM stdin;
5	Superadmin
6	Finance
7	Operations
8	Medics
\.


--
-- Data for Name: auth_group_permissions; Type: TABLE DATA; Schema: public; Owner: medops_user
--

COPY public.auth_group_permissions (id, group_id, permission_id) FROM stdin;
11	6	40
12	6	37
13	6	38
14	6	39
15	7	25
16	7	26
17	7	27
18	7	28
19	8	32
20	8	28
\.


--
-- Data for Name: auth_permission; Type: TABLE DATA; Schema: public; Owner: medops_user
--

COPY public.auth_permission (id, name, content_type_id, codename) FROM stdin;
1	Can add log entry	1	add_logentry
2	Can change log entry	1	change_logentry
3	Can delete log entry	1	delete_logentry
4	Can view log entry	1	view_logentry
5	Can add permission	2	add_permission
6	Can change permission	2	change_permission
7	Can delete permission	2	delete_permission
8	Can view permission	2	view_permission
9	Can add group	3	add_group
10	Can change group	3	change_group
11	Can delete group	3	delete_group
12	Can view group	3	view_group
13	Can add user	4	add_user
14	Can change user	4	change_user
15	Can delete user	4	delete_user
16	Can view user	4	view_user
17	Can add content type	5	add_contenttype
18	Can change content type	5	change_contenttype
19	Can delete content type	5	delete_contenttype
20	Can view content type	5	view_contenttype
21	Can add session	6	add_session
22	Can change session	6	change_session
23	Can delete session	6	delete_session
24	Can view session	6	view_session
25	Can add appointment	7	add_appointment
26	Can change appointment	7	change_appointment
27	Can delete appointment	7	delete_appointment
28	Can view appointment	7	view_appointment
29	Can add patient	8	add_patient
30	Can change patient	8	change_patient
31	Can delete patient	8	delete_patient
32	Can view patient	8	view_patient
33	Can add diagnosis	9	add_diagnosis
34	Can change diagnosis	9	change_diagnosis
35	Can delete diagnosis	9	delete_diagnosis
36	Can view diagnosis	9	view_diagnosis
37	Can add payment	10	add_payment
38	Can change payment	10	change_payment
39	Can delete payment	10	delete_payment
40	Can view payment	10	view_payment
41	Can add prescription	11	add_prescription
42	Can change prescription	11	change_prescription
43	Can delete prescription	11	delete_prescription
44	Can view prescription	11	view_prescription
45	Can add treatment	12	add_treatment
46	Can change treatment	12	change_treatment
47	Can delete treatment	12	delete_treatment
48	Can view treatment	12	view_treatment
49	Can add event	13	add_event
50	Can change event	13	change_event
51	Can delete event	13	delete_event
52	Can view event	13	view_event
53	Can add Medical Document	14	add_medicaldocument
54	Can change Medical Document	14	change_medicaldocument
55	Can delete Medical Document	14	delete_medicaldocument
56	Can view Medical Document	14	view_medicaldocument
57	Can add historical Payment	15	add_historicalpayment
58	Can change historical Payment	15	change_historicalpayment
59	Can delete historical Payment	15	delete_historicalpayment
60	Can view historical Payment	15	view_historicalpayment
61	Can add historical Patient	16	add_historicalpatient
62	Can change historical Patient	16	change_historicalpatient
63	Can delete historical Patient	16	delete_historicalpatient
64	Can view historical Patient	16	view_historicalpatient
65	Can add historical Appointment	17	add_historicalappointment
66	Can change historical Appointment	17	change_historicalappointment
67	Can delete historical Appointment	17	delete_historicalappointment
68	Can view historical Appointment	17	view_historicalappointment
\.


--
-- Data for Name: auth_user; Type: TABLE DATA; Schema: public; Owner: medops_user
--

COPY public.auth_user (id, password, last_login, is_superuser, username, first_name, last_name, email, is_staff, is_active, date_joined) FROM stdin;
1	pbkdf2_sha256$1000000$fo3fjZ7LIiHtO2AOOAyRrv$bxNqjhYCm54bE24TjVtnJ3L7pNvPBnrvsdWkUQ9OyZE=	2025-10-17 01:38:24.630815+00	t	medops			ungareduardo95@gmail.com	t	t	2025-10-14 23:15:43.688808+00
2	pbkdf2_sha256$1000000$Qvp51vTpym1q6FX505rtHY$A4fvJ3xrDDhp4mxf2S8zZUaejDF6JPqzL9HeHr/W3+A=	\N	f	finance_user				t	t	2025-10-18 17:25:51.693612+00
3	pbkdf2_sha256$1000000$SPYIvmYDzplGoXGkjhXP1o$rTqVWBU+u4diN+BA2smhw+U58bMVVk6tU9p94ML3/FI=	\N	f	operations_user				t	t	2025-10-18 17:25:52.043486+00
4	pbkdf2_sha256$1000000$fjmy0pPVaCcw8MmfpVuBmv$IcPBrMVTfT/6KVQscmonDEAmcX1UZ2w/TqzwIaXwpuU=	\N	f	medics_user				t	t	2025-10-18 17:25:52.38443+00
5	pbkdf2_sha256$1000000$gqmYE0CiOognYQNe7wvWjL$6Rmbdh76hGIjn5HgwSznhAtupmElQnQlqHM850HfPls=	\N	t	superadmin_user				t	t	2025-10-18 17:25:52.723673+00
\.


--
-- Data for Name: auth_user_groups; Type: TABLE DATA; Schema: public; Owner: medops_user
--

COPY public.auth_user_groups (id, user_id, group_id) FROM stdin;
1	2	6
2	3	7
3	4	8
4	5	5
\.


--
-- Data for Name: auth_user_user_permissions; Type: TABLE DATA; Schema: public; Owner: medops_user
--

COPY public.auth_user_user_permissions (id, user_id, permission_id) FROM stdin;
\.


--
-- Data for Name: core_appointment; Type: TABLE DATA; Schema: public; Owner: medops_user
--

COPY public.core_appointment (id, appointment_date, arrival_time, status, patient_id) FROM stdin;
2	2025-09-29	\N	completed	2
3	2025-10-11	\N	arrived	2
4	2025-09-22	\N	pending	3
5	2025-09-26	\N	completed	3
6	2025-10-12	\N	pending	4
7	2025-10-07	\N	pending	4
8	2025-09-22	\N	completed	5
9	2025-09-21	\N	completed	5
10	2025-10-02	\N	pending	6
11	2025-09-20	\N	arrived	6
12	2025-09-30	\N	arrived	7
13	2025-10-08	\N	pending	7
\.


--
-- Data for Name: core_diagnosis; Type: TABLE DATA; Schema: public; Owner: medops_user
--

COPY public.core_diagnosis (id, code, description, appointment_id) FROM stdin;
\.


--
-- Data for Name: core_event; Type: TABLE DATA; Schema: public; Owner: medops_user
--

COPY public.core_event (id, "timestamp", actor, entity, entity_id, action, metadata) FROM stdin;
\.


--
-- Data for Name: core_historicalappointment; Type: TABLE DATA; Schema: public; Owner: medops_user
--

COPY public.core_historicalappointment (id, appointment_date, status, arrival_time, history_id, history_date, history_change_reason, history_type, history_user_id, patient_id) FROM stdin;
\.


--
-- Data for Name: core_historicalpatient; Type: TABLE DATA; Schema: public; Owner: medops_user
--

COPY public.core_historicalpatient (id, national_id, first_name, middle_name, last_name, second_last_name, birthdate, gender, contact_info, history_id, history_date, history_change_reason, history_type, history_user_id) FROM stdin;
\.


--
-- Data for Name: core_historicalpayment; Type: TABLE DATA; Schema: public; Owner: medops_user
--

COPY public.core_historicalpayment (id, amount, method, status, reference_number, bank_name, received_by, received_at, history_id, history_date, history_change_reason, history_type, appointment_id, history_user_id) FROM stdin;
\.


--
-- Data for Name: core_medicaldocument; Type: TABLE DATA; Schema: public; Owner: medops_user
--

COPY public.core_medicaldocument (id, file, description, category, uploaded_at, uploaded_by, appointment_id, diagnosis_id, patient_id) FROM stdin;
\.


--
-- Data for Name: core_patient; Type: TABLE DATA; Schema: public; Owner: medops_user
--

COPY public.core_patient (id, first_name, middle_name, last_name, second_last_name, birthdate, gender, contact_info, national_id) FROM stdin;
2	Ana	\N	Pérez	\N	\N	F	\N	10000000
3	Luis	\N	González	\N	\N	M	\N	10000001
4	Carlos	\N	Rodríguez	\N	\N	M	\N	10000002
5	María	\N	Fernández	\N	\N	F	\N	10000003
6	José	\N	López	\N	\N	F	\N	10000004
7	Elena	\N	Martínez	\N	\N	M	\N	10000005
\.


--
-- Data for Name: core_payment; Type: TABLE DATA; Schema: public; Owner: medops_user
--

COPY public.core_payment (id, amount, method, status, appointment_id, bank_name, received_at, received_by, reference_number) FROM stdin;
2	75.00	card	pending	2	\N	2025-10-17 23:18:04.274733+00	Admin	\N
3	50.00	transfer	canceled	3	Banco X	2025-10-17 23:18:04.281084+00	Admin	REF-01
4	75.00	cash	pending	4	Banco X	2025-10-17 23:18:04.285437+00	Admin	\N
5	200.00	cash	waived	5	Banco X	2025-10-17 23:18:04.289531+00	Admin	\N
6	75.00	cash	pending	6	\N	2025-10-17 23:18:04.293673+00	Admin	\N
7	100.00	cash	paid	7	\N	2025-10-17 23:18:04.298291+00	Admin	REF-21
8	75.00	transfer	canceled	8	\N	2025-10-17 23:18:04.306718+00	Admin	\N
9	150.00	card	canceled	9	Banco X	2025-10-17 23:18:04.311323+00	Admin	\N
10	50.00	transfer	canceled	10	Banco X	2025-10-17 23:18:04.316089+00	Admin	\N
11	100.00	card	pending	11	\N	2025-10-17 23:18:04.327041+00	Admin	\N
12	150.00	card	canceled	12	\N	2025-10-17 23:18:04.332261+00	Admin	REF-50
13	50.00	cash	paid	13	\N	2025-10-17 23:18:04.336516+00	Admin	\N
\.


--
-- Data for Name: core_prescription; Type: TABLE DATA; Schema: public; Owner: medops_user
--

COPY public.core_prescription (id, medication, dosage, duration, diagnosis_id) FROM stdin;
\.


--
-- Data for Name: core_treatment; Type: TABLE DATA; Schema: public; Owner: medops_user
--

COPY public.core_treatment (id, plan, start_date, end_date, diagnosis_id) FROM stdin;
\.


--
-- Data for Name: django_admin_log; Type: TABLE DATA; Schema: public; Owner: medops_user
--

COPY public.django_admin_log (id, action_time, object_id, object_repr, action_flag, change_message, content_type_id, user_id) FROM stdin;
1	2025-10-15 00:19:24.38903+00	1	Angela Carolina Gonzalez Juarez	1	[{"added": {}}]	8	1
2	2025-10-15 00:19:54.580413+00	1	Angela Carolina Gonzalez Juarez - 2025-10-18 - pending	1	[{"added": {}}]	7	1
3	2025-10-15 00:20:37.873494+00	1	Angela Carolina Gonzalez Juarez - 2025-10-18 - pending - 80 - paid	1	[{"added": {}}]	10	1
4	2025-10-15 17:06:32.685472+00	1	18857653 - Angela Carolina Gonzalez Juarez	2	[{"changed": {"fields": ["C\\u00e9dula de Identidad"]}}]	8	1
5	2025-10-15 17:12:17.576472+00	1	18857653 - Angela Carolina Gonzalez Juarez	2	[]	8	1
6	2025-10-17 22:46:33.436915+00	1	18857653 - Angela Carolina Gonzalez Juarez	3		8	1
7	2025-10-18 17:20:27.409137+00	2	Finanzas	3		3	1
8	2025-10-18 17:20:27.40917+00	4	Médicos	3		3	1
9	2025-10-18 17:20:27.409182+00	3	Operaciones	3		3	1
10	2025-10-18 17:20:27.409193+00	1	Superadmin	3		3	1
\.


--
-- Data for Name: django_content_type; Type: TABLE DATA; Schema: public; Owner: medops_user
--

COPY public.django_content_type (id, app_label, model) FROM stdin;
1	admin	logentry
2	auth	permission
3	auth	group
4	auth	user
5	contenttypes	contenttype
6	sessions	session
7	core	appointment
8	core	patient
9	core	diagnosis
10	core	payment
11	core	prescription
12	core	treatment
13	core	event
14	core	medicaldocument
15	core	historicalpayment
16	core	historicalpatient
17	core	historicalappointment
\.


--
-- Data for Name: django_migrations; Type: TABLE DATA; Schema: public; Owner: medops_user
--

COPY public.django_migrations (id, app, name, applied) FROM stdin;
1	contenttypes	0001_initial	2025-10-14 23:12:13.020089+00
2	auth	0001_initial	2025-10-14 23:12:13.129933+00
3	admin	0001_initial	2025-10-14 23:12:13.155989+00
4	admin	0002_logentry_remove_auto_add	2025-10-14 23:12:13.162657+00
5	admin	0003_logentry_add_action_flag_choices	2025-10-14 23:12:13.170493+00
6	contenttypes	0002_remove_content_type_name	2025-10-14 23:12:13.182273+00
7	auth	0002_alter_permission_name_max_length	2025-10-14 23:12:13.189911+00
8	auth	0003_alter_user_email_max_length	2025-10-14 23:12:13.196855+00
9	auth	0004_alter_user_username_opts	2025-10-14 23:12:13.207103+00
10	auth	0005_alter_user_last_login_null	2025-10-14 23:12:13.215502+00
11	auth	0006_require_contenttypes_0002	2025-10-14 23:12:13.217997+00
12	auth	0007_alter_validators_add_error_messages	2025-10-14 23:12:13.224985+00
13	auth	0008_alter_user_username_max_length	2025-10-14 23:12:13.237463+00
14	auth	0009_alter_user_last_name_max_length	2025-10-14 23:12:13.24588+00
15	auth	0010_alter_group_name_max_length	2025-10-14 23:12:13.252946+00
16	auth	0011_update_proxy_permissions	2025-10-14 23:12:13.258876+00
17	auth	0012_alter_user_first_name_max_length	2025-10-14 23:12:13.266572+00
18	core	0001_initial	2025-10-14 23:12:13.358682+00
19	core	0002_event	2025-10-14 23:12:13.370003+00
20	core	0003_remove_appointment_consultation_start_and_more	2025-10-14 23:12:13.409253+00
21	sessions	0001_initial	2025-10-14 23:12:13.435028+00
22	core	0004_alter_appointment_options_alter_diagnosis_options_and_more	2025-10-15 15:57:45.020722+00
23	core	0005_patient_national_id	2025-10-15 17:04:07.585271+00
24	core	0006_alter_patient_national_id	2025-10-15 17:10:43.087605+00
25	core	0007_payment_bank_name_payment_received_at_and_more	2025-10-15 17:43:05.871893+00
26	core	0008_historicalappointment_historicalpatient_and_more	2025-10-18 18:18:30.600802+00
\.


--
-- Data for Name: django_session; Type: TABLE DATA; Schema: public; Owner: medops_user
--

COPY public.django_session (session_key, session_data, expire_date) FROM stdin;
wjc346jmlajfysceyoqveqig6u5r2swe	.eJxVjDsOwjAQBe_iGllZ_xJT0nMGy95d4wCypTipEHeHSCmgfTPzXiLEbS1h67yEmcRZgDj9binig-sO6B7rrUlsdV3mJHdFHrTLayN-Xg7376DEXr61H3EAnBwh6WiVJzWmKVl2DGCJhsxKmWQsJO88GPQOMJustULmnJ14fwDn0Dg5:1v8q2g:1NH2J98eKQNnmgdhJMD_qtPuTr0PU8qQ565OtdUu8uE	2025-10-29 01:11:02.18901+00
8kgit2p2y38oqcc96fh7bl14bc9qwzwx	.eJxVjDsOwjAQBe_iGllZ_xJT0nMGy95d4wCypTipEHeHSCmgfTPzXiLEbS1h67yEmcRZgDj9binig-sO6B7rrUlsdV3mJHdFHrTLayN-Xg7376DEXr61H3EAnBwh6WiVJzWmKVl2DGCJhsxKmWQsJO88GPQOMJustULmnJ14fwDn0Dg5:1v9ZQG:AhdaLQO6UOCN1lkXdcKHU2k6nh66F30YszFDBamQ8cc	2025-10-31 01:38:24.647634+00
\.


--
-- Name: auth_group_id_seq; Type: SEQUENCE SET; Schema: public; Owner: medops_user
--

SELECT pg_catalog.setval('public.auth_group_id_seq', 8, true);


--
-- Name: auth_group_permissions_id_seq; Type: SEQUENCE SET; Schema: public; Owner: medops_user
--

SELECT pg_catalog.setval('public.auth_group_permissions_id_seq', 20, true);


--
-- Name: auth_permission_id_seq; Type: SEQUENCE SET; Schema: public; Owner: medops_user
--

SELECT pg_catalog.setval('public.auth_permission_id_seq', 68, true);


--
-- Name: auth_user_groups_id_seq; Type: SEQUENCE SET; Schema: public; Owner: medops_user
--

SELECT pg_catalog.setval('public.auth_user_groups_id_seq', 4, true);


--
-- Name: auth_user_id_seq; Type: SEQUENCE SET; Schema: public; Owner: medops_user
--

SELECT pg_catalog.setval('public.auth_user_id_seq', 5, true);


--
-- Name: auth_user_user_permissions_id_seq; Type: SEQUENCE SET; Schema: public; Owner: medops_user
--

SELECT pg_catalog.setval('public.auth_user_user_permissions_id_seq', 1, false);


--
-- Name: core_appointment_id_seq; Type: SEQUENCE SET; Schema: public; Owner: medops_user
--

SELECT pg_catalog.setval('public.core_appointment_id_seq', 13, true);


--
-- Name: core_diagnosis_id_seq; Type: SEQUENCE SET; Schema: public; Owner: medops_user
--

SELECT pg_catalog.setval('public.core_diagnosis_id_seq', 1, false);


--
-- Name: core_event_id_seq; Type: SEQUENCE SET; Schema: public; Owner: medops_user
--

SELECT pg_catalog.setval('public.core_event_id_seq', 1, false);


--
-- Name: core_historicalappointment_history_id_seq; Type: SEQUENCE SET; Schema: public; Owner: medops_user
--

SELECT pg_catalog.setval('public.core_historicalappointment_history_id_seq', 1, false);


--
-- Name: core_historicalpatient_history_id_seq; Type: SEQUENCE SET; Schema: public; Owner: medops_user
--

SELECT pg_catalog.setval('public.core_historicalpatient_history_id_seq', 1, false);


--
-- Name: core_historicalpayment_history_id_seq; Type: SEQUENCE SET; Schema: public; Owner: medops_user
--

SELECT pg_catalog.setval('public.core_historicalpayment_history_id_seq', 1, false);


--
-- Name: core_medicaldocument_id_seq; Type: SEQUENCE SET; Schema: public; Owner: medops_user
--

SELECT pg_catalog.setval('public.core_medicaldocument_id_seq', 1, false);


--
-- Name: core_patient_id_seq; Type: SEQUENCE SET; Schema: public; Owner: medops_user
--

SELECT pg_catalog.setval('public.core_patient_id_seq', 7, true);


--
-- Name: core_payment_id_seq; Type: SEQUENCE SET; Schema: public; Owner: medops_user
--

SELECT pg_catalog.setval('public.core_payment_id_seq', 13, true);


--
-- Name: core_prescription_id_seq; Type: SEQUENCE SET; Schema: public; Owner: medops_user
--

SELECT pg_catalog.setval('public.core_prescription_id_seq', 1, false);


--
-- Name: core_treatment_id_seq; Type: SEQUENCE SET; Schema: public; Owner: medops_user
--

SELECT pg_catalog.setval('public.core_treatment_id_seq', 1, false);


--
-- Name: django_admin_log_id_seq; Type: SEQUENCE SET; Schema: public; Owner: medops_user
--

SELECT pg_catalog.setval('public.django_admin_log_id_seq', 10, true);


--
-- Name: django_content_type_id_seq; Type: SEQUENCE SET; Schema: public; Owner: medops_user
--

SELECT pg_catalog.setval('public.django_content_type_id_seq', 17, true);


--
-- Name: django_migrations_id_seq; Type: SEQUENCE SET; Schema: public; Owner: medops_user
--

SELECT pg_catalog.setval('public.django_migrations_id_seq', 26, true);


--
-- Name: auth_group auth_group_name_key; Type: CONSTRAINT; Schema: public; Owner: medops_user
--

ALTER TABLE ONLY public.auth_group
    ADD CONSTRAINT auth_group_name_key UNIQUE (name);


--
-- Name: auth_group_permissions auth_group_permissions_group_id_permission_id_0cd325b0_uniq; Type: CONSTRAINT; Schema: public; Owner: medops_user
--

ALTER TABLE ONLY public.auth_group_permissions
    ADD CONSTRAINT auth_group_permissions_group_id_permission_id_0cd325b0_uniq UNIQUE (group_id, permission_id);


--
-- Name: auth_group_permissions auth_group_permissions_pkey; Type: CONSTRAINT; Schema: public; Owner: medops_user
--

ALTER TABLE ONLY public.auth_group_permissions
    ADD CONSTRAINT auth_group_permissions_pkey PRIMARY KEY (id);


--
-- Name: auth_group auth_group_pkey; Type: CONSTRAINT; Schema: public; Owner: medops_user
--

ALTER TABLE ONLY public.auth_group
    ADD CONSTRAINT auth_group_pkey PRIMARY KEY (id);


--
-- Name: auth_permission auth_permission_content_type_id_codename_01ab375a_uniq; Type: CONSTRAINT; Schema: public; Owner: medops_user
--

ALTER TABLE ONLY public.auth_permission
    ADD CONSTRAINT auth_permission_content_type_id_codename_01ab375a_uniq UNIQUE (content_type_id, codename);


--
-- Name: auth_permission auth_permission_pkey; Type: CONSTRAINT; Schema: public; Owner: medops_user
--

ALTER TABLE ONLY public.auth_permission
    ADD CONSTRAINT auth_permission_pkey PRIMARY KEY (id);


--
-- Name: auth_user_groups auth_user_groups_pkey; Type: CONSTRAINT; Schema: public; Owner: medops_user
--

ALTER TABLE ONLY public.auth_user_groups
    ADD CONSTRAINT auth_user_groups_pkey PRIMARY KEY (id);


--
-- Name: auth_user_groups auth_user_groups_user_id_group_id_94350c0c_uniq; Type: CONSTRAINT; Schema: public; Owner: medops_user
--

ALTER TABLE ONLY public.auth_user_groups
    ADD CONSTRAINT auth_user_groups_user_id_group_id_94350c0c_uniq UNIQUE (user_id, group_id);


--
-- Name: auth_user auth_user_pkey; Type: CONSTRAINT; Schema: public; Owner: medops_user
--

ALTER TABLE ONLY public.auth_user
    ADD CONSTRAINT auth_user_pkey PRIMARY KEY (id);


--
-- Name: auth_user_user_permissions auth_user_user_permissions_pkey; Type: CONSTRAINT; Schema: public; Owner: medops_user
--

ALTER TABLE ONLY public.auth_user_user_permissions
    ADD CONSTRAINT auth_user_user_permissions_pkey PRIMARY KEY (id);


--
-- Name: auth_user_user_permissions auth_user_user_permissions_user_id_permission_id_14a6b632_uniq; Type: CONSTRAINT; Schema: public; Owner: medops_user
--

ALTER TABLE ONLY public.auth_user_user_permissions
    ADD CONSTRAINT auth_user_user_permissions_user_id_permission_id_14a6b632_uniq UNIQUE (user_id, permission_id);


--
-- Name: auth_user auth_user_username_key; Type: CONSTRAINT; Schema: public; Owner: medops_user
--

ALTER TABLE ONLY public.auth_user
    ADD CONSTRAINT auth_user_username_key UNIQUE (username);


--
-- Name: core_appointment core_appointment_pkey; Type: CONSTRAINT; Schema: public; Owner: medops_user
--

ALTER TABLE ONLY public.core_appointment
    ADD CONSTRAINT core_appointment_pkey PRIMARY KEY (id);


--
-- Name: core_diagnosis core_diagnosis_pkey; Type: CONSTRAINT; Schema: public; Owner: medops_user
--

ALTER TABLE ONLY public.core_diagnosis
    ADD CONSTRAINT core_diagnosis_pkey PRIMARY KEY (id);


--
-- Name: core_event core_event_pkey; Type: CONSTRAINT; Schema: public; Owner: medops_user
--

ALTER TABLE ONLY public.core_event
    ADD CONSTRAINT core_event_pkey PRIMARY KEY (id);


--
-- Name: core_historicalappointment core_historicalappointment_pkey; Type: CONSTRAINT; Schema: public; Owner: medops_user
--

ALTER TABLE ONLY public.core_historicalappointment
    ADD CONSTRAINT core_historicalappointment_pkey PRIMARY KEY (history_id);


--
-- Name: core_historicalpatient core_historicalpatient_pkey; Type: CONSTRAINT; Schema: public; Owner: medops_user
--

ALTER TABLE ONLY public.core_historicalpatient
    ADD CONSTRAINT core_historicalpatient_pkey PRIMARY KEY (history_id);


--
-- Name: core_historicalpayment core_historicalpayment_pkey; Type: CONSTRAINT; Schema: public; Owner: medops_user
--

ALTER TABLE ONLY public.core_historicalpayment
    ADD CONSTRAINT core_historicalpayment_pkey PRIMARY KEY (history_id);


--
-- Name: core_medicaldocument core_medicaldocument_pkey; Type: CONSTRAINT; Schema: public; Owner: medops_user
--

ALTER TABLE ONLY public.core_medicaldocument
    ADD CONSTRAINT core_medicaldocument_pkey PRIMARY KEY (id);


--
-- Name: core_patient core_patient_national_id_key; Type: CONSTRAINT; Schema: public; Owner: medops_user
--

ALTER TABLE ONLY public.core_patient
    ADD CONSTRAINT core_patient_national_id_key UNIQUE (national_id);


--
-- Name: core_patient core_patient_pkey; Type: CONSTRAINT; Schema: public; Owner: medops_user
--

ALTER TABLE ONLY public.core_patient
    ADD CONSTRAINT core_patient_pkey PRIMARY KEY (id);


--
-- Name: core_payment core_payment_appointment_id_4b8c4994_uniq; Type: CONSTRAINT; Schema: public; Owner: medops_user
--

ALTER TABLE ONLY public.core_payment
    ADD CONSTRAINT core_payment_appointment_id_4b8c4994_uniq UNIQUE (appointment_id);


--
-- Name: core_payment core_payment_pkey; Type: CONSTRAINT; Schema: public; Owner: medops_user
--

ALTER TABLE ONLY public.core_payment
    ADD CONSTRAINT core_payment_pkey PRIMARY KEY (id);


--
-- Name: core_prescription core_prescription_pkey; Type: CONSTRAINT; Schema: public; Owner: medops_user
--

ALTER TABLE ONLY public.core_prescription
    ADD CONSTRAINT core_prescription_pkey PRIMARY KEY (id);


--
-- Name: core_treatment core_treatment_pkey; Type: CONSTRAINT; Schema: public; Owner: medops_user
--

ALTER TABLE ONLY public.core_treatment
    ADD CONSTRAINT core_treatment_pkey PRIMARY KEY (id);


--
-- Name: django_admin_log django_admin_log_pkey; Type: CONSTRAINT; Schema: public; Owner: medops_user
--

ALTER TABLE ONLY public.django_admin_log
    ADD CONSTRAINT django_admin_log_pkey PRIMARY KEY (id);


--
-- Name: django_content_type django_content_type_app_label_model_76bd3d3b_uniq; Type: CONSTRAINT; Schema: public; Owner: medops_user
--

ALTER TABLE ONLY public.django_content_type
    ADD CONSTRAINT django_content_type_app_label_model_76bd3d3b_uniq UNIQUE (app_label, model);


--
-- Name: django_content_type django_content_type_pkey; Type: CONSTRAINT; Schema: public; Owner: medops_user
--

ALTER TABLE ONLY public.django_content_type
    ADD CONSTRAINT django_content_type_pkey PRIMARY KEY (id);


--
-- Name: django_migrations django_migrations_pkey; Type: CONSTRAINT; Schema: public; Owner: medops_user
--

ALTER TABLE ONLY public.django_migrations
    ADD CONSTRAINT django_migrations_pkey PRIMARY KEY (id);


--
-- Name: django_session django_session_pkey; Type: CONSTRAINT; Schema: public; Owner: medops_user
--

ALTER TABLE ONLY public.django_session
    ADD CONSTRAINT django_session_pkey PRIMARY KEY (session_key);


--
-- Name: auth_group_name_a6ea08ec_like; Type: INDEX; Schema: public; Owner: medops_user
--

CREATE INDEX auth_group_name_a6ea08ec_like ON public.auth_group USING btree (name varchar_pattern_ops);


--
-- Name: auth_group_permissions_group_id_b120cbf9; Type: INDEX; Schema: public; Owner: medops_user
--

CREATE INDEX auth_group_permissions_group_id_b120cbf9 ON public.auth_group_permissions USING btree (group_id);


--
-- Name: auth_group_permissions_permission_id_84c5c92e; Type: INDEX; Schema: public; Owner: medops_user
--

CREATE INDEX auth_group_permissions_permission_id_84c5c92e ON public.auth_group_permissions USING btree (permission_id);


--
-- Name: auth_permission_content_type_id_2f476e4b; Type: INDEX; Schema: public; Owner: medops_user
--

CREATE INDEX auth_permission_content_type_id_2f476e4b ON public.auth_permission USING btree (content_type_id);


--
-- Name: auth_user_groups_group_id_97559544; Type: INDEX; Schema: public; Owner: medops_user
--

CREATE INDEX auth_user_groups_group_id_97559544 ON public.auth_user_groups USING btree (group_id);


--
-- Name: auth_user_groups_user_id_6a12ed8b; Type: INDEX; Schema: public; Owner: medops_user
--

CREATE INDEX auth_user_groups_user_id_6a12ed8b ON public.auth_user_groups USING btree (user_id);


--
-- Name: auth_user_user_permissions_permission_id_1fbb5f2c; Type: INDEX; Schema: public; Owner: medops_user
--

CREATE INDEX auth_user_user_permissions_permission_id_1fbb5f2c ON public.auth_user_user_permissions USING btree (permission_id);


--
-- Name: auth_user_user_permissions_user_id_a95ead1b; Type: INDEX; Schema: public; Owner: medops_user
--

CREATE INDEX auth_user_user_permissions_user_id_a95ead1b ON public.auth_user_user_permissions USING btree (user_id);


--
-- Name: auth_user_username_6821ab7c_like; Type: INDEX; Schema: public; Owner: medops_user
--

CREATE INDEX auth_user_username_6821ab7c_like ON public.auth_user USING btree (username varchar_pattern_ops);


--
-- Name: core_appointment_patient_id_960b1d60; Type: INDEX; Schema: public; Owner: medops_user
--

CREATE INDEX core_appointment_patient_id_960b1d60 ON public.core_appointment USING btree (patient_id);


--
-- Name: core_diagnosis_appointment_id_a64641e3; Type: INDEX; Schema: public; Owner: medops_user
--

CREATE INDEX core_diagnosis_appointment_id_a64641e3 ON public.core_diagnosis USING btree (appointment_id);


--
-- Name: core_historicalappointment_history_date_a88ea3fd; Type: INDEX; Schema: public; Owner: medops_user
--

CREATE INDEX core_historicalappointment_history_date_a88ea3fd ON public.core_historicalappointment USING btree (history_date);


--
-- Name: core_historicalappointment_history_user_id_e2df13a7; Type: INDEX; Schema: public; Owner: medops_user
--

CREATE INDEX core_historicalappointment_history_user_id_e2df13a7 ON public.core_historicalappointment USING btree (history_user_id);


--
-- Name: core_historicalappointment_id_78953f1c; Type: INDEX; Schema: public; Owner: medops_user
--

CREATE INDEX core_historicalappointment_id_78953f1c ON public.core_historicalappointment USING btree (id);


--
-- Name: core_historicalappointment_patient_id_6b1aeacb; Type: INDEX; Schema: public; Owner: medops_user
--

CREATE INDEX core_historicalappointment_patient_id_6b1aeacb ON public.core_historicalappointment USING btree (patient_id);


--
-- Name: core_historicalpatient_history_date_5e0a2585; Type: INDEX; Schema: public; Owner: medops_user
--

CREATE INDEX core_historicalpatient_history_date_5e0a2585 ON public.core_historicalpatient USING btree (history_date);


--
-- Name: core_historicalpatient_history_user_id_5bb872e2; Type: INDEX; Schema: public; Owner: medops_user
--

CREATE INDEX core_historicalpatient_history_user_id_5bb872e2 ON public.core_historicalpatient USING btree (history_user_id);


--
-- Name: core_historicalpatient_id_1eacb005; Type: INDEX; Schema: public; Owner: medops_user
--

CREATE INDEX core_historicalpatient_id_1eacb005 ON public.core_historicalpatient USING btree (id);


--
-- Name: core_historicalpatient_national_id_15909b63; Type: INDEX; Schema: public; Owner: medops_user
--

CREATE INDEX core_historicalpatient_national_id_15909b63 ON public.core_historicalpatient USING btree (national_id);


--
-- Name: core_historicalpatient_national_id_15909b63_like; Type: INDEX; Schema: public; Owner: medops_user
--

CREATE INDEX core_historicalpatient_national_id_15909b63_like ON public.core_historicalpatient USING btree (national_id varchar_pattern_ops);


--
-- Name: core_historicalpayment_appointment_id_9effc3a1; Type: INDEX; Schema: public; Owner: medops_user
--

CREATE INDEX core_historicalpayment_appointment_id_9effc3a1 ON public.core_historicalpayment USING btree (appointment_id);


--
-- Name: core_historicalpayment_history_date_8fc3dc99; Type: INDEX; Schema: public; Owner: medops_user
--

CREATE INDEX core_historicalpayment_history_date_8fc3dc99 ON public.core_historicalpayment USING btree (history_date);


--
-- Name: core_historicalpayment_history_user_id_ef303773; Type: INDEX; Schema: public; Owner: medops_user
--

CREATE INDEX core_historicalpayment_history_user_id_ef303773 ON public.core_historicalpayment USING btree (history_user_id);


--
-- Name: core_historicalpayment_id_d25cd44a; Type: INDEX; Schema: public; Owner: medops_user
--

CREATE INDEX core_historicalpayment_id_d25cd44a ON public.core_historicalpayment USING btree (id);


--
-- Name: core_medicaldocument_appointment_id_63e4b9b1; Type: INDEX; Schema: public; Owner: medops_user
--

CREATE INDEX core_medicaldocument_appointment_id_63e4b9b1 ON public.core_medicaldocument USING btree (appointment_id);


--
-- Name: core_medicaldocument_diagnosis_id_6e54fbd1; Type: INDEX; Schema: public; Owner: medops_user
--

CREATE INDEX core_medicaldocument_diagnosis_id_6e54fbd1 ON public.core_medicaldocument USING btree (diagnosis_id);


--
-- Name: core_medicaldocument_patient_id_8725333e; Type: INDEX; Schema: public; Owner: medops_user
--

CREATE INDEX core_medicaldocument_patient_id_8725333e ON public.core_medicaldocument USING btree (patient_id);


--
-- Name: core_patient_national_id_be4faf19_like; Type: INDEX; Schema: public; Owner: medops_user
--

CREATE INDEX core_patient_national_id_be4faf19_like ON public.core_patient USING btree (national_id varchar_pattern_ops);


--
-- Name: core_prescription_diagnosis_id_d548d5ec; Type: INDEX; Schema: public; Owner: medops_user
--

CREATE INDEX core_prescription_diagnosis_id_d548d5ec ON public.core_prescription USING btree (diagnosis_id);


--
-- Name: core_treatment_diagnosis_id_58fd501d; Type: INDEX; Schema: public; Owner: medops_user
--

CREATE INDEX core_treatment_diagnosis_id_58fd501d ON public.core_treatment USING btree (diagnosis_id);


--
-- Name: django_admin_log_content_type_id_c4bce8eb; Type: INDEX; Schema: public; Owner: medops_user
--

CREATE INDEX django_admin_log_content_type_id_c4bce8eb ON public.django_admin_log USING btree (content_type_id);


--
-- Name: django_admin_log_user_id_c564eba6; Type: INDEX; Schema: public; Owner: medops_user
--

CREATE INDEX django_admin_log_user_id_c564eba6 ON public.django_admin_log USING btree (user_id);


--
-- Name: django_session_expire_date_a5c62663; Type: INDEX; Schema: public; Owner: medops_user
--

CREATE INDEX django_session_expire_date_a5c62663 ON public.django_session USING btree (expire_date);


--
-- Name: django_session_session_key_c0390e0f_like; Type: INDEX; Schema: public; Owner: medops_user
--

CREATE INDEX django_session_session_key_c0390e0f_like ON public.django_session USING btree (session_key varchar_pattern_ops);


--
-- Name: auth_group_permissions auth_group_permissio_permission_id_84c5c92e_fk_auth_perm; Type: FK CONSTRAINT; Schema: public; Owner: medops_user
--

ALTER TABLE ONLY public.auth_group_permissions
    ADD CONSTRAINT auth_group_permissio_permission_id_84c5c92e_fk_auth_perm FOREIGN KEY (permission_id) REFERENCES public.auth_permission(id) DEFERRABLE INITIALLY DEFERRED;


--
-- Name: auth_group_permissions auth_group_permissions_group_id_b120cbf9_fk_auth_group_id; Type: FK CONSTRAINT; Schema: public; Owner: medops_user
--

ALTER TABLE ONLY public.auth_group_permissions
    ADD CONSTRAINT auth_group_permissions_group_id_b120cbf9_fk_auth_group_id FOREIGN KEY (group_id) REFERENCES public.auth_group(id) DEFERRABLE INITIALLY DEFERRED;


--
-- Name: auth_permission auth_permission_content_type_id_2f476e4b_fk_django_co; Type: FK CONSTRAINT; Schema: public; Owner: medops_user
--

ALTER TABLE ONLY public.auth_permission
    ADD CONSTRAINT auth_permission_content_type_id_2f476e4b_fk_django_co FOREIGN KEY (content_type_id) REFERENCES public.django_content_type(id) DEFERRABLE INITIALLY DEFERRED;


--
-- Name: auth_user_groups auth_user_groups_group_id_97559544_fk_auth_group_id; Type: FK CONSTRAINT; Schema: public; Owner: medops_user
--

ALTER TABLE ONLY public.auth_user_groups
    ADD CONSTRAINT auth_user_groups_group_id_97559544_fk_auth_group_id FOREIGN KEY (group_id) REFERENCES public.auth_group(id) DEFERRABLE INITIALLY DEFERRED;


--
-- Name: auth_user_groups auth_user_groups_user_id_6a12ed8b_fk_auth_user_id; Type: FK CONSTRAINT; Schema: public; Owner: medops_user
--

ALTER TABLE ONLY public.auth_user_groups
    ADD CONSTRAINT auth_user_groups_user_id_6a12ed8b_fk_auth_user_id FOREIGN KEY (user_id) REFERENCES public.auth_user(id) DEFERRABLE INITIALLY DEFERRED;


--
-- Name: auth_user_user_permissions auth_user_user_permi_permission_id_1fbb5f2c_fk_auth_perm; Type: FK CONSTRAINT; Schema: public; Owner: medops_user
--

ALTER TABLE ONLY public.auth_user_user_permissions
    ADD CONSTRAINT auth_user_user_permi_permission_id_1fbb5f2c_fk_auth_perm FOREIGN KEY (permission_id) REFERENCES public.auth_permission(id) DEFERRABLE INITIALLY DEFERRED;


--
-- Name: auth_user_user_permissions auth_user_user_permissions_user_id_a95ead1b_fk_auth_user_id; Type: FK CONSTRAINT; Schema: public; Owner: medops_user
--

ALTER TABLE ONLY public.auth_user_user_permissions
    ADD CONSTRAINT auth_user_user_permissions_user_id_a95ead1b_fk_auth_user_id FOREIGN KEY (user_id) REFERENCES public.auth_user(id) DEFERRABLE INITIALLY DEFERRED;


--
-- Name: core_appointment core_appointment_patient_id_960b1d60_fk_core_patient_id; Type: FK CONSTRAINT; Schema: public; Owner: medops_user
--

ALTER TABLE ONLY public.core_appointment
    ADD CONSTRAINT core_appointment_patient_id_960b1d60_fk_core_patient_id FOREIGN KEY (patient_id) REFERENCES public.core_patient(id) DEFERRABLE INITIALLY DEFERRED;


--
-- Name: core_diagnosis core_diagnosis_appointment_id_a64641e3_fk_core_appointment_id; Type: FK CONSTRAINT; Schema: public; Owner: medops_user
--

ALTER TABLE ONLY public.core_diagnosis
    ADD CONSTRAINT core_diagnosis_appointment_id_a64641e3_fk_core_appointment_id FOREIGN KEY (appointment_id) REFERENCES public.core_appointment(id) DEFERRABLE INITIALLY DEFERRED;


--
-- Name: core_historicalappointment core_historicalappoi_history_user_id_e2df13a7_fk_auth_user; Type: FK CONSTRAINT; Schema: public; Owner: medops_user
--

ALTER TABLE ONLY public.core_historicalappointment
    ADD CONSTRAINT core_historicalappoi_history_user_id_e2df13a7_fk_auth_user FOREIGN KEY (history_user_id) REFERENCES public.auth_user(id) DEFERRABLE INITIALLY DEFERRED;


--
-- Name: core_historicalpatient core_historicalpatient_history_user_id_5bb872e2_fk_auth_user_id; Type: FK CONSTRAINT; Schema: public; Owner: medops_user
--

ALTER TABLE ONLY public.core_historicalpatient
    ADD CONSTRAINT core_historicalpatient_history_user_id_5bb872e2_fk_auth_user_id FOREIGN KEY (history_user_id) REFERENCES public.auth_user(id) DEFERRABLE INITIALLY DEFERRED;


--
-- Name: core_historicalpayment core_historicalpayment_history_user_id_ef303773_fk_auth_user_id; Type: FK CONSTRAINT; Schema: public; Owner: medops_user
--

ALTER TABLE ONLY public.core_historicalpayment
    ADD CONSTRAINT core_historicalpayment_history_user_id_ef303773_fk_auth_user_id FOREIGN KEY (history_user_id) REFERENCES public.auth_user(id) DEFERRABLE INITIALLY DEFERRED;


--
-- Name: core_medicaldocument core_medicaldocument_appointment_id_63e4b9b1_fk_core_appo; Type: FK CONSTRAINT; Schema: public; Owner: medops_user
--

ALTER TABLE ONLY public.core_medicaldocument
    ADD CONSTRAINT core_medicaldocument_appointment_id_63e4b9b1_fk_core_appo FOREIGN KEY (appointment_id) REFERENCES public.core_appointment(id) DEFERRABLE INITIALLY DEFERRED;


--
-- Name: core_medicaldocument core_medicaldocument_diagnosis_id_6e54fbd1_fk_core_diagnosis_id; Type: FK CONSTRAINT; Schema: public; Owner: medops_user
--

ALTER TABLE ONLY public.core_medicaldocument
    ADD CONSTRAINT core_medicaldocument_diagnosis_id_6e54fbd1_fk_core_diagnosis_id FOREIGN KEY (diagnosis_id) REFERENCES public.core_diagnosis(id) DEFERRABLE INITIALLY DEFERRED;


--
-- Name: core_medicaldocument core_medicaldocument_patient_id_8725333e_fk_core_patient_id; Type: FK CONSTRAINT; Schema: public; Owner: medops_user
--

ALTER TABLE ONLY public.core_medicaldocument
    ADD CONSTRAINT core_medicaldocument_patient_id_8725333e_fk_core_patient_id FOREIGN KEY (patient_id) REFERENCES public.core_patient(id) DEFERRABLE INITIALLY DEFERRED;


--
-- Name: core_payment core_payment_appointment_id_4b8c4994_fk_core_appointment_id; Type: FK CONSTRAINT; Schema: public; Owner: medops_user
--

ALTER TABLE ONLY public.core_payment
    ADD CONSTRAINT core_payment_appointment_id_4b8c4994_fk_core_appointment_id FOREIGN KEY (appointment_id) REFERENCES public.core_appointment(id) DEFERRABLE INITIALLY DEFERRED;


--
-- Name: core_prescription core_prescription_diagnosis_id_d548d5ec_fk_core_diagnosis_id; Type: FK CONSTRAINT; Schema: public; Owner: medops_user
--

ALTER TABLE ONLY public.core_prescription
    ADD CONSTRAINT core_prescription_diagnosis_id_d548d5ec_fk_core_diagnosis_id FOREIGN KEY (diagnosis_id) REFERENCES public.core_diagnosis(id) DEFERRABLE INITIALLY DEFERRED;


--
-- Name: core_treatment core_treatment_diagnosis_id_58fd501d_fk_core_diagnosis_id; Type: FK CONSTRAINT; Schema: public; Owner: medops_user
--

ALTER TABLE ONLY public.core_treatment
    ADD CONSTRAINT core_treatment_diagnosis_id_58fd501d_fk_core_diagnosis_id FOREIGN KEY (diagnosis_id) REFERENCES public.core_diagnosis(id) DEFERRABLE INITIALLY DEFERRED;


--
-- Name: django_admin_log django_admin_log_content_type_id_c4bce8eb_fk_django_co; Type: FK CONSTRAINT; Schema: public; Owner: medops_user
--

ALTER TABLE ONLY public.django_admin_log
    ADD CONSTRAINT django_admin_log_content_type_id_c4bce8eb_fk_django_co FOREIGN KEY (content_type_id) REFERENCES public.django_content_type(id) DEFERRABLE INITIALLY DEFERRED;


--
-- Name: django_admin_log django_admin_log_user_id_c564eba6_fk_auth_user_id; Type: FK CONSTRAINT; Schema: public; Owner: medops_user
--

ALTER TABLE ONLY public.django_admin_log
    ADD CONSTRAINT django_admin_log_user_id_c564eba6_fk_auth_user_id FOREIGN KEY (user_id) REFERENCES public.auth_user(id) DEFERRABLE INITIALLY DEFERRED;


--
-- PostgreSQL database dump complete
--

\unrestrict Yr5IZpBy6G94rbpjRZ2WKDdLlypCJEiUdr73dfLnKg9AyzQ2LGMOcXGL72VzUzN

